{"cameraMode":{"drawMode":0,"name":"Shaded","section":"Shading Mode"},"sceneLighting":true,"audioPlay":false,"sceneViewState":{"showFog":true,"showMaterialUpdate":false,"showSkybox":true,"showFlares":true,"showImageEffects":true,"showParticleSystems":true},"in2DMode":false,"pivot":{"x":-4.862403869628906,"y":24.975433349609376,"z":7.591174602508545},"rotation":{"x":0.08866003155708313,"y":0.6345987915992737,"z":-0.07362515479326248,"w":0.7642142176628113},"size":16.99867057800293,"orthographic":false}