{"cameraMode":{"drawMode":0,"name":"Shaded","section":"Shading Mode"},"sceneLighting":true,"audioPlay":false,"sceneViewState":{"showFog":false,"showMaterialUpdate":false,"showSkybox":true,"showFlares":true,"showImageEffects":false,"showParticleSystems":true},"in2DMode":false,"pivot":{"x":17.473772048950197,"y":12.87127685546875,"z":0.1810283660888672},"rotation":{"x":-0.21682238578796388,"y":-0.6410448551177979,"z":0.19662803411483766,"w":-0.7097360491752625},"size":28.783958435058595,"orthographic":false}