{"cameraMode":{"drawMode":0,"name":"Shaded","section":"Shading Mode"},"sceneLighting":true,"audioPlay":false,"sceneViewState":{"showFog":false,"showMaterialUpdate":false,"showSkybox":true,"showFlares":true,"showImageEffects":true,"showParticleSystems":true},"in2DMode":false,"pivot":{"x":-16.281518936157228,"y":19.445392608642579,"z":3.106523036956787},"rotation":{"x":0.022640934213995935,"y":0.6413512229919434,"z":-0.022054774686694146,"w":0.7672430872917175},"size":10.0,"orthographic":false}